block,task,start_env_steps,env_steps,seconds,auc
0,breakout,0,499968,118.1670560836792,3.1134664618535584
1,space_invaders,499968,999936,135.71489644050598,12.355427547363034
2,freeway,999936,1499904,123.53299713134766,0.05496671786994368
3,breakout,1499904,1999872,122.99682879447937,5.105965181771634
4,space_invaders,1999872,2499840,145.22539854049683,24.623143881208396
5,freeway,2499840,2999808,136.07633519172668,0.10245775729646697
6,breakout,2999808,3499776,130.10395169258118,5.246262160778289
7,space_invaders,3499776,3999744,151.98706817626953,36.118484383000514
8,freeway,3999744,4499712,135.45935249328613,1.1309267793138762
9,breakout,4499712,4999680,128.89756226539612,5.37227342549923
10,space_invaders,4999680,5499648,148.376451253891,35.71815156169994
11,freeway,5499648,5999616,136.30541849136353,17.691141833077317
12,breakout,5999616,6499584,121.34372472763062,5.385048643113159
13,space_invaders,6499584,6999552,149.23038625717163,38.754173067076295
14,freeway,6999552,7499520,137.5041139125824,25.14728622631848
