block,entropy,gpu_peak_bytes,gradient_norm,loss,max_abs_value,mean_rho,memory_transitions,policy_cloning,policy_loss,replay_fraction,steps,updates,value_cloning,value_loss
0,0.8980268239974976,35667456,0.5740054845809937,0.06715983897447586,4.085582256317139,0.7353532314300537,100000,1.0625728368759155,0.02568582072854042,0.5,499968,1953,1.271148920059204,0.09192831069231033
1,0.49000537395477295,35667456,0.5606877207756042,0.16428080201148987,9.686915397644043,0.8446645736694336,100000,0.5803135633468628,0.0525197759270668,0.5,999936,3906,0.257818341255188,0.2284221202135086
2,1.4127347469329834,35667456,0.10881269723176956,-0.009455542080104351,4.727222442626953,0.8433414697647095,100000,1.0032600164413452,-0.003912833519279957,0.5,1499904,5859,0.8090629577636719,0.0030419309623539448
3,0.9013572931289673,35667456,0.6413457989692688,-0.056149937212467194,11.649130821228027,0.8335364460945129,100000,0.6925104260444641,-0.06286613643169403,0.5,1999872,7812,2.7708051204681396,0.02244596742093563
4,0.3841676712036133,35667456,0.7824986577033997,0.049707964062690735,13.361793518066406,0.8249045610427856,100000,1.4383553266525269,-0.01981625333428383,0.5,2499840,9765,2.343560218811035,0.1428901106119156
5,1.3901227712631226,35667456,0.5092904567718506,0.03011692315340042,12.46942138671875,0.8030616044998169,100000,0.7121355533599854,0.0032023275271058083,0.5,2999808,11718,6.211417198181152,0.06773041933774948
6,0.931221604347229,35667456,0.4778473675251007,0.024983981624245644,13.403454780578613,0.7911820411682129,100000,1.2797640562057495,0.00857055839151144,0.5,3499776,13671,12.794794082641602,0.04213906079530716
7,0.6293367147445679,35667456,1.0720099210739136,0.18164120614528656,12.819506645202637,0.8232176303863525,100000,0.8183084726333618,-0.004544790834188461,0.5,3999744,15624,3.445995569229126,0.37866535782814026
8,1.3301876783370972,35667456,0.3842220902442932,-0.02087436430156231,13.596024513244629,0.8415000438690186,100000,1.6970869302749634,-0.029193414375185966,0.5,4499712,17577,8.296762466430664,0.02993997558951378
9,1.2220412492752075,35667456,0.16223277151584625,0.016170112416148186,16.358762741088867,0.8229655027389526,100000,0.5259802937507629,0.02056996151804924,0.5,4999680,19530,4.840620994567871,0.0034207140561193228
10,0.5521595478057861,35667456,0.9661864638328552,0.10345888137817383,14.76948356628418,0.8380442261695862,100000,0.9509444236755371,0.006396659649908543,0.5,5499648,21483,1.7769287824630737,0.19964604079723358
11,1.0871254205703735,35667456,0.37715986371040344,-0.010275658220052719,17.121402740478516,0.7806642055511475,100000,0.7380208969116211,-0.0328628271818161,0.5,5999616,23436,5.1053361892700195,0.056045591831207275
12,1.0217746496200562,35667456,0.7631316184997559,0.014485799707472324,17.5894832611084,0.8005090951919556,100000,0.927830159664154,-0.008689362555742264,0.5,6499584,25389,10.839963912963867,0.056568071246147156
13,0.5314916372299194,35667456,3.914842367172241,1.1566860675811768,16.04927635192871,0.80992591381073,100000,0.7115652561187744,0.0564136877655983,0.5,6999552,27342,1.9353125095367432,2.205859661102295
14,1.0069301128387451,35667456,0.18094760179519653,-0.02599041908979416,16.28249168395996,0.833537220954895,100000,0.5564677715301514,-0.03265887871384621,0.5,7499520,29295,4.851692199707031,0.023406220600008965
