episode,block,task,start_env_steps,env_steps,return
1,0,freeway,0,39985,0.0
2,0,freeway,0,39986,0.0
3,0,freeway,0,39987,0.0
4,0,freeway,0,39988,0.0
5,0,freeway,0,39989,0.0
6,0,freeway,0,39990,0.0
7,0,freeway,0,39991,1.0
8,0,freeway,0,39992,0.0
9,0,freeway,0,39993,0.0
10,0,freeway,0,39994,0.0
11,0,freeway,0,39995,0.0
12,0,freeway,0,39996,0.0
13,0,freeway,0,39997,0.0
14,0,freeway,0,39998,0.0
15,0,freeway,0,39999,0.0
16,0,freeway,0,40000,1.0
17,0,freeway,39985,79985,1.0
18,0,freeway,39986,79986,1.0
19,0,freeway,39987,79987,0.0
20,0,freeway,39988,79988,1.0
21,0,freeway,39989,79989,0.0
22,0,freeway,39990,79990,0.0
23,0,freeway,39991,79991,0.0
24,0,freeway,39992,79992,0.0
25,0,freeway,39993,79993,0.0
26,0,freeway,39994,79994,0.0
27,0,freeway,39995,79995,0.0
28,0,freeway,39996,79996,1.0
29,0,freeway,39997,79997,0.0
30,0,freeway,39998,79998,0.0
31,0,freeway,39999,79999,0.0
32,0,freeway,40000,80000,1.0
33,0,freeway,79985,119985,0.0
34,0,freeway,79986,119986,0.0
35,0,freeway,79987,119987,0.0
36,0,freeway,79988,119988,0.0
37,0,freeway,79989,119989,0.0
38,0,freeway,79990,119990,0.0
39,0,freeway,79991,119991,0.0
40,0,freeway,79992,119992,0.0
41,0,freeway,79993,119993,0.0
42,0,freeway,79994,119994,1.0
43,0,freeway,79995,119995,0.0
44,0,freeway,79996,119996,0.0
45,0,freeway,79997,119997,0.0
46,0,freeway,79998,119998,0.0
47,0,freeway,79999,119999,0.0
48,0,freeway,80000,120000,0.0
49,0,freeway,119985,159985,0.0
50,0,freeway,119986,159986,0.0
51,0,freeway,119987,159987,0.0
52,0,freeway,119988,159988,0.0
53,0,freeway,119989,159989,1.0
54,0,freeway,119990,159990,0.0
55,0,freeway,119991,159991,0.0
56,0,freeway,119992,159992,0.0
57,0,freeway,119993,159993,0.0
58,0,freeway,119994,159994,0.0
59,0,freeway,119995,159995,0.0
60,0,freeway,119996,159996,0.0
61,0,freeway,119997,159997,0.0
62,0,freeway,119998,159998,0.0
63,0,freeway,119999,159999,0.0
64,0,freeway,120000,160000,0.0
65,0,freeway,159985,199985,0.0
66,0,freeway,159986,199986,0.0
67,0,freeway,159987,199987,0.0
68,0,freeway,159988,199988,0.0
69,0,freeway,159989,199989,0.0
70,0,freeway,159990,199990,0.0
71,0,freeway,159991,199991,0.0
72,0,freeway,159992,199992,0.0
73,0,freeway,159993,199993,0.0
74,0,freeway,159994,199994,0.0
75,0,freeway,159995,199995,0.0
76,0,freeway,159996,199996,0.0
77,0,freeway,159997,199997,0.0
78,0,freeway,159998,199998,1.0
79,0,freeway,159999,199999,0.0
80,0,freeway,160000,200000,0.0
81,0,freeway,199985,239985,0.0
82,0,freeway,199986,239986,0.0
83,0,freeway,199987,239987,0.0
84,0,freeway,199988,239988,0.0
85,0,freeway,199989,239989,0.0
86,0,freeway,199990,239990,1.0
87,0,freeway,199991,239991,0.0
88,0,freeway,199992,239992,0.0
89,0,freeway,199993,239993,0.0
90,0,freeway,199994,239994,0.0
91,0,freeway,199995,239995,0.0
92,0,freeway,199996,239996,0.0
93,0,freeway,199997,239997,0.0
94,0,freeway,199998,239998,0.0
95,0,freeway,199999,239999,1.0
96,0,freeway,200000,240000,0.0
97,0,freeway,239985,279985,1.0
98,0,freeway,239986,279986,0.0
99,0,freeway,239987,279987,0.0
100,0,freeway,239988,279988,0.0
101,0,freeway,239989,279989,0.0
102,0,freeway,239990,279990,3.0
103,0,freeway,239991,279991,1.0
104,0,freeway,239992,279992,0.0
105,0,freeway,239993,279993,0.0
106,0,freeway,239994,279994,0.0
107,0,freeway,239995,279995,1.0
108,0,freeway,239996,279996,1.0
109,0,freeway,239997,279997,0.0
110,0,freeway,239998,279998,1.0
111,0,freeway,239999,279999,0.0
112,0,freeway,240000,280000,0.0
113,0,freeway,279985,319985,17.0
114,0,freeway,279986,319986,14.0
115,0,freeway,279987,319987,13.0
116,0,freeway,279988,319988,10.0
117,0,freeway,279989,319989,11.0
118,0,freeway,279990,319990,17.0
119,0,freeway,279991,319991,16.0
120,0,freeway,279992,319992,12.0
121,0,freeway,279993,319993,14.0
122,0,freeway,279994,319994,20.0
123,0,freeway,279995,319995,13.0
124,0,freeway,279996,319996,16.0
125,0,freeway,279997,319997,15.0
126,0,freeway,279998,319998,12.0
127,0,freeway,279999,319999,13.0
128,0,freeway,280000,320000,5.0
129,0,freeway,319985,359985,31.0
130,0,freeway,319986,359986,22.0
131,0,freeway,319987,359987,26.0
132,0,freeway,319988,359988,30.0
133,0,freeway,319989,359989,24.0
134,0,freeway,319990,359990,32.0
135,0,freeway,319991,359991,27.0
136,0,freeway,319992,359992,23.0
137,0,freeway,319993,359993,17.0
138,0,freeway,319994,359994,24.0
139,0,freeway,319995,359995,30.0
140,0,freeway,319996,359996,30.0
141,0,freeway,319997,359997,24.0
142,0,freeway,319998,359998,31.0
143,0,freeway,319999,359999,27.0
144,0,freeway,320000,360000,27.0
145,0,freeway,359985,399985,33.0
146,0,freeway,359986,399986,24.0
147,0,freeway,359987,399987,15.0
148,0,freeway,359988,399988,24.0
149,0,freeway,359989,399989,27.0
150,0,freeway,359990,399990,27.0
151,0,freeway,359991,399991,11.0
152,0,freeway,359992,399992,28.0
153,0,freeway,359993,399993,24.0
154,0,freeway,359994,399994,23.0
155,0,freeway,359995,399995,19.0
156,0,freeway,359996,399996,31.0
157,0,freeway,359997,399997,33.0
158,0,freeway,359998,399998,18.0
159,0,freeway,359999,399999,26.0
160,0,freeway,360000,400000,24.0
161,0,freeway,399985,439985,29.0
162,0,freeway,399986,439986,31.0
163,0,freeway,399987,439987,23.0
164,0,freeway,399988,439988,19.0
165,0,freeway,399989,439989,20.0
166,0,freeway,399990,439990,33.0
167,0,freeway,399991,439991,16.0
168,0,freeway,399992,439992,28.0
169,0,freeway,399993,439993,29.0
170,0,freeway,399994,439994,36.0
171,0,freeway,399995,439995,17.0
172,0,freeway,399996,439996,33.0
173,0,freeway,399997,439997,19.0
174,0,freeway,399998,439998,22.0
175,0,freeway,399999,439999,27.0
176,0,freeway,400000,440000,34.0
177,0,freeway,439985,479985,25.0
178,0,freeway,439986,479986,29.0
179,0,freeway,439987,479987,29.0
180,0,freeway,439988,479988,24.0
181,0,freeway,439989,479989,35.0
182,0,freeway,439990,479990,33.0
183,0,freeway,439991,479991,29.0
184,0,freeway,439992,479992,30.0
185,0,freeway,439993,479993,37.0
186,0,freeway,439994,479994,29.0
187,0,freeway,439995,479995,27.0
188,0,freeway,439996,479996,29.0
189,0,freeway,439997,479997,17.0
190,0,freeway,439998,479998,28.0
191,0,freeway,439999,479999,23.0
192,0,freeway,440000,480000,22.0
193,1,freeway,499968,539953,32.0
194,1,freeway,499968,539954,28.0
195,1,freeway,499968,539955,33.0
196,1,freeway,499968,539956,34.0
197,1,freeway,499968,539957,22.0
198,1,freeway,499968,539958,27.0
199,1,freeway,499968,539959,20.0
200,1,freeway,499968,539960,25.0
201,1,freeway,499968,539961,21.0
202,1,freeway,499968,539962,27.0
203,1,freeway,499968,539963,20.0
204,1,freeway,499968,539964,36.0
205,1,freeway,499968,539965,22.0
206,1,freeway,499968,539966,29.0
207,1,freeway,499968,539967,31.0
208,1,freeway,499968,539968,28.0
209,1,freeway,539953,579953,21.0
210,1,freeway,539954,579954,30.0
211,1,freeway,539955,579955,11.0
212,1,freeway,539956,579956,20.0
213,1,freeway,539957,579957,30.0
214,1,freeway,539958,579958,30.0
215,1,freeway,539959,579959,17.0
216,1,freeway,539960,579960,24.0
217,1,freeway,539961,579961,35.0
218,1,freeway,539962,579962,26.0
219,1,freeway,539963,579963,29.0
220,1,freeway,539964,579964,28.0
221,1,freeway,539965,579965,24.0
222,1,freeway,539966,579966,34.0
223,1,freeway,539967,579967,26.0
224,1,freeway,539968,579968,37.0
225,1,freeway,579953,619953,23.0
226,1,freeway,579954,619954,32.0
227,1,freeway,579955,619955,26.0
228,1,freeway,579956,619956,21.0
229,1,freeway,579957,619957,24.0
230,1,freeway,579958,619958,28.0
231,1,freeway,579959,619959,28.0
232,1,freeway,579960,619960,37.0
233,1,freeway,579961,619961,37.0
234,1,freeway,579962,619962,29.0
235,1,freeway,579963,619963,29.0
236,1,freeway,579964,619964,30.0
237,1,freeway,579965,619965,30.0
238,1,freeway,579966,619966,37.0
239,1,freeway,579967,619967,32.0
240,1,freeway,579968,619968,35.0
241,1,freeway,619953,659953,19.0
242,1,freeway,619954,659954,22.0
243,1,freeway,619955,659955,30.0
244,1,freeway,619956,659956,29.0
245,1,freeway,619957,659957,21.0
246,1,freeway,619958,659958,29.0
247,1,freeway,619959,659959,35.0
248,1,freeway,619960,659960,28.0
249,1,freeway,619961,659961,25.0
250,1,freeway,619962,659962,24.0
251,1,freeway,619963,659963,26.0
252,1,freeway,619964,659964,20.0
253,1,freeway,619965,659965,32.0
254,1,freeway,619966,659966,27.0
255,1,freeway,619967,659967,30.0
256,1,freeway,619968,659968,28.0
257,1,freeway,659953,699953,28.0
258,1,freeway,659954,699954,33.0
259,1,freeway,659955,699955,29.0
260,1,freeway,659956,699956,17.0
261,1,freeway,659957,699957,32.0
262,1,freeway,659958,699958,13.0
263,1,freeway,659959,699959,30.0
264,1,freeway,659960,699960,32.0
265,1,freeway,659961,699961,23.0
266,1,freeway,659962,699962,33.0
267,1,freeway,659963,699963,32.0
268,1,freeway,659964,699964,26.0
269,1,freeway,659965,699965,21.0
270,1,freeway,659966,699966,35.0
271,1,freeway,659967,699967,24.0
272,1,freeway,659968,699968,25.0
273,1,freeway,699953,739953,24.0
274,1,freeway,699954,739954,31.0
275,1,freeway,699955,739955,17.0
276,1,freeway,699956,739956,23.0
277,1,freeway,699957,739957,22.0
278,1,freeway,699958,739958,28.0
279,1,freeway,699959,739959,28.0
280,1,freeway,699960,739960,28.0
281,1,freeway,699961,739961,30.0
282,1,freeway,699962,739962,30.0
283,1,freeway,699963,739963,29.0
284,1,freeway,699964,739964,22.0
285,1,freeway,699965,739965,24.0
286,1,freeway,699966,739966,35.0
287,1,freeway,699967,739967,30.0
288,1,freeway,699968,739968,27.0
289,1,freeway,739953,779953,33.0
290,1,freeway,739954,779954,27.0
291,1,freeway,739955,779955,24.0
292,1,freeway,739956,779956,29.0
293,1,freeway,739957,779957,26.0
294,1,freeway,739958,779958,31.0
295,1,freeway,739959,779959,21.0
296,1,freeway,739960,779960,30.0
297,1,freeway,739961,779961,20.0
298,1,freeway,739962,779962,29.0
299,1,freeway,739963,779963,27.0
300,1,freeway,739964,779964,27.0
301,1,freeway,739965,779965,27.0
302,1,freeway,739966,779966,29.0
303,1,freeway,739967,779967,28.0
304,1,freeway,739968,779968,27.0
305,1,freeway,779953,819953,33.0
306,1,freeway,779954,819954,31.0
307,1,freeway,779955,819955,33.0
308,1,freeway,779956,819956,28.0
309,1,freeway,779957,819957,27.0
310,1,freeway,779958,819958,42.0
311,1,freeway,779959,819959,28.0
312,1,freeway,779960,819960,29.0
313,1,freeway,779961,819961,34.0
314,1,freeway,779962,819962,23.0
315,1,freeway,779963,819963,25.0
316,1,freeway,779964,819964,31.0
317,1,freeway,779965,819965,31.0
318,1,freeway,779966,819966,24.0
319,1,freeway,779967,819967,29.0
320,1,freeway,779968,819968,25.0
321,1,freeway,819953,859953,24.0
322,1,freeway,819954,859954,30.0
323,1,freeway,819955,859955,30.0
324,1,freeway,819956,859956,30.0
325,1,freeway,819957,859957,29.0
326,1,freeway,819958,859958,28.0
327,1,freeway,819959,859959,29.0
328,1,freeway,819960,859960,29.0
329,1,freeway,819961,859961,32.0
330,1,freeway,819962,859962,22.0
331,1,freeway,819963,859963,17.0
332,1,freeway,819964,859964,26.0
333,1,freeway,819965,859965,26.0
334,1,freeway,819966,859966,32.0
335,1,freeway,819967,859967,23.0
336,1,freeway,819968,859968,25.0
337,1,freeway,859953,899953,29.0
338,1,freeway,859954,899954,25.0
339,1,freeway,859955,899955,28.0
340,1,freeway,859956,899956,27.0
341,1,freeway,859957,899957,26.0
342,1,freeway,859958,899958,21.0
343,1,freeway,859959,899959,24.0
344,1,freeway,859960,899960,32.0
345,1,freeway,859961,899961,30.0
346,1,freeway,859962,899962,23.0
347,1,freeway,859963,899963,25.0
348,1,freeway,859964,899964,26.0
349,1,freeway,859965,899965,24.0
350,1,freeway,859966,899966,27.0
351,1,freeway,859967,899967,24.0
352,1,freeway,859968,899968,18.0
353,1,freeway,899953,939953,31.0
354,1,freeway,899954,939954,17.0
355,1,freeway,899955,939955,32.0
356,1,freeway,899956,939956,27.0
357,1,freeway,899957,939957,34.0
358,1,freeway,899958,939958,24.0
359,1,freeway,899959,939959,26.0
360,1,freeway,899960,939960,21.0
361,1,freeway,899961,939961,30.0
362,1,freeway,899962,939962,21.0
363,1,freeway,899963,939963,30.0
364,1,freeway,899964,939964,25.0
365,1,freeway,899965,939965,20.0
366,1,freeway,899966,939966,27.0
367,1,freeway,899967,939967,29.0
368,1,freeway,899968,939968,34.0
369,1,freeway,939953,979953,28.0
370,1,freeway,939954,979954,26.0
371,1,freeway,939955,979955,23.0
372,1,freeway,939956,979956,28.0
373,1,freeway,939957,979957,17.0
374,1,freeway,939958,979958,22.0
375,1,freeway,939959,979959,25.0
376,1,freeway,939960,979960,26.0
377,1,freeway,939961,979961,17.0
378,1,freeway,939962,979962,31.0
379,1,freeway,939963,979963,27.0
380,1,freeway,939964,979964,30.0
381,1,freeway,939965,979965,31.0
382,1,freeway,939966,979966,24.0
383,1,freeway,939967,979967,29.0
384,1,freeway,939968,979968,31.0
385,2,freeway,999936,1039921,25.0
386,2,freeway,999936,1039922,23.0
387,2,freeway,999936,1039923,32.0
388,2,freeway,999936,1039924,28.0
389,2,freeway,999936,1039925,15.0
390,2,freeway,999936,1039926,26.0
391,2,freeway,999936,1039927,31.0
392,2,freeway,999936,1039928,23.0
393,2,freeway,999936,1039929,21.0
394,2,freeway,999936,1039930,29.0
395,2,freeway,999936,1039931,33.0
396,2,freeway,999936,1039932,33.0
397,2,freeway,999936,1039933,32.0
398,2,freeway,999936,1039934,31.0
399,2,freeway,999936,1039935,28.0
400,2,freeway,999936,1039936,33.0
401,2,freeway,1039921,1079921,29.0
402,2,freeway,1039922,1079922,25.0
403,2,freeway,1039923,1079923,15.0
404,2,freeway,1039924,1079924,26.0
405,2,freeway,1039925,1079925,28.0
406,2,freeway,1039926,1079926,24.0
407,2,freeway,1039927,1079927,34.0
408,2,freeway,1039928,1079928,25.0
409,2,freeway,1039929,1079929,28.0
410,2,freeway,1039930,1079930,33.0
411,2,freeway,1039931,1079931,24.0
412,2,freeway,1039932,1079932,33.0
413,2,freeway,1039933,1079933,26.0
414,2,freeway,1039934,1079934,29.0
415,2,freeway,1039935,1079935,40.0
416,2,freeway,1039936,1079936,25.0
417,2,freeway,1079921,1119921,30.0
418,2,freeway,1079922,1119922,34.0
419,2,freeway,1079923,1119923,36.0
420,2,freeway,1079924,1119924,27.0
421,2,freeway,1079925,1119925,19.0
422,2,freeway,1079926,1119926,37.0
423,2,freeway,1079927,1119927,40.0
424,2,freeway,1079928,1119928,21.0
425,2,freeway,1079929,1119929,23.0
426,2,freeway,1079930,1119930,32.0
427,2,freeway,1079931,1119931,29.0
428,2,freeway,1079932,1119932,38.0
429,2,freeway,1079933,1119933,23.0
430,2,freeway,1079934,1119934,32.0
431,2,freeway,1079935,1119935,31.0
432,2,freeway,1079936,1119936,26.0
433,2,freeway,1119921,1159921,27.0
434,2,freeway,1119922,1159922,34.0
435,2,freeway,1119923,1159923,26.0
436,2,freeway,1119924,1159924,29.0
437,2,freeway,1119925,1159925,37.0
438,2,freeway,1119926,1159926,25.0
439,2,freeway,1119927,1159927,30.0
440,2,freeway,1119928,1159928,37.0
441,2,freeway,1119929,1159929,35.0
442,2,freeway,1119930,1159930,27.0
443,2,freeway,1119931,1159931,20.0
444,2,freeway,1119932,1159932,24.0
445,2,freeway,1119933,1159933,29.0
446,2,freeway,1119934,1159934,34.0
447,2,freeway,1119935,1159935,30.0
448,2,freeway,1119936,1159936,31.0
449,2,freeway,1159921,1199921,31.0
450,2,freeway,1159922,1199922,27.0
451,2,freeway,1159923,1199923,23.0
452,2,freeway,1159924,1199924,22.0
453,2,freeway,1159925,1199925,34.0
454,2,freeway,1159926,1199926,23.0
455,2,freeway,1159927,1199927,25.0
456,2,freeway,1159928,1199928,27.0
457,2,freeway,1159929,1199929,25.0
458,2,freeway,1159930,1199930,26.0
459,2,freeway,1159931,1199931,27.0
460,2,freeway,1159932,1199932,26.0
461,2,freeway,1159933,1199933,33.0
462,2,freeway,1159934,1199934,20.0
463,2,freeway,1159935,1199935,32.0
464,2,freeway,1159936,1199936,24.0
465,2,freeway,1199921,1239921,28.0
466,2,freeway,1199922,1239922,34.0
467,2,freeway,1199923,1239923,33.0
468,2,freeway,1199924,1239924,33.0
469,2,freeway,1199925,1239925,26.0
470,2,freeway,1199926,1239926,26.0
471,2,freeway,1199927,1239927,28.0
472,2,freeway,1199928,1239928,24.0
473,2,freeway,1199929,1239929,35.0
474,2,freeway,1199930,1239930,27.0
475,2,freeway,1199931,1239931,28.0
476,2,freeway,1199932,1239932,32.0
477,2,freeway,1199933,1239933,34.0
478,2,freeway,1199934,1239934,31.0
479,2,freeway,1199935,1239935,22.0
480,2,freeway,1199936,1239936,34.0
481,2,freeway,1239921,1279921,31.0
482,2,freeway,1239922,1279922,31.0
483,2,freeway,1239923,1279923,25.0
484,2,freeway,1239924,1279924,26.0
485,2,freeway,1239925,1279925,30.0
486,2,freeway,1239926,1279926,39.0
487,2,freeway,1239927,1279927,39.0
488,2,freeway,1239928,1279928,33.0
489,2,freeway,1239929,1279929,34.0
490,2,freeway,1239930,1279930,27.0
491,2,freeway,1239931,1279931,34.0
492,2,freeway,1239932,1279932,32.0
493,2,freeway,1239933,1279933,33.0
494,2,freeway,1239934,1279934,26.0
495,2,freeway,1239935,1279935,27.0
496,2,freeway,1239936,1279936,29.0
497,2,freeway,1279921,1319921,28.0
498,2,freeway,1279922,1319922,38.0
499,2,freeway,1279923,1319923,32.0
500,2,freeway,1279924,1319924,36.0
501,2,freeway,1279925,1319925,27.0
502,2,freeway,1279926,1319926,20.0
503,2,freeway,1279927,1319927,36.0
504,2,freeway,1279928,1319928,37.0
505,2,freeway,1279929,1319929,26.0
506,2,freeway,1279930,1319930,29.0
507,2,freeway,1279931,1319931,33.0
508,2,freeway,1279932,1319932,37.0
509,2,freeway,1279933,1319933,33.0
510,2,freeway,1279934,1319934,30.0
511,2,freeway,1279935,1319935,24.0
512,2,freeway,1279936,1319936,28.0
513,2,freeway,1319921,1359921,32.0
514,2,freeway,1319922,1359922,28.0
515,2,freeway,1319923,1359923,32.0
516,2,freeway,1319924,1359924,22.0
517,2,freeway,1319925,1359925,34.0
518,2,freeway,1319926,1359926,24.0
519,2,freeway,1319927,1359927,35.0
520,2,freeway,1319928,1359928,26.0
521,2,freeway,1319929,1359929,29.0
522,2,freeway,1319930,1359930,26.0
523,2,freeway,1319931,1359931,27.0
524,2,freeway,1319932,1359932,29.0
525,2,freeway,1319933,1359933,33.0
526,2,freeway,1319934,1359934,24.0
527,2,freeway,1319935,1359935,28.0
528,2,freeway,1319936,1359936,29.0
529,2,freeway,1359921,1399921,31.0
530,2,freeway,1359922,1399922,35.0
531,2,freeway,1359923,1399923,34.0
532,2,freeway,1359924,1399924,19.0
533,2,freeway,1359925,1399925,35.0
534,2,freeway,1359926,1399926,25.0
535,2,freeway,1359927,1399927,18.0
536,2,freeway,1359928,1399928,27.0
537,2,freeway,1359929,1399929,33.0
538,2,freeway,1359930,1399930,39.0
539,2,freeway,1359931,1399931,25.0
540,2,freeway,1359932,1399932,39.0
541,2,freeway,1359933,1399933,40.0
542,2,freeway,1359934,1399934,37.0
543,2,freeway,1359935,1399935,32.0
544,2,freeway,1359936,1399936,31.0
545,2,freeway,1399921,1439921,33.0
546,2,freeway,1399922,1439922,28.0
547,2,freeway,1399923,1439923,30.0
548,2,freeway,1399924,1439924,28.0
549,2,freeway,1399925,1439925,33.0
550,2,freeway,1399926,1439926,25.0
551,2,freeway,1399927,1439927,23.0
552,2,freeway,1399928,1439928,28.0
553,2,freeway,1399929,1439929,35.0
554,2,freeway,1399930,1439930,25.0
555,2,freeway,1399931,1439931,34.0
556,2,freeway,1399932,1439932,25.0
557,2,freeway,1399933,1439933,31.0
558,2,freeway,1399934,1439934,33.0
559,2,freeway,1399935,1439935,36.0
560,2,freeway,1399936,1439936,24.0
561,2,freeway,1439921,1479921,32.0
562,2,freeway,1439922,1479922,38.0
563,2,freeway,1439923,1479923,38.0
564,2,freeway,1439924,1479924,36.0
565,2,freeway,1439925,1479925,33.0
566,2,freeway,1439926,1479926,37.0
567,2,freeway,1439927,1479927,37.0
568,2,freeway,1439928,1479928,36.0
569,2,freeway,1439929,1479929,26.0
570,2,freeway,1439930,1479930,36.0
571,2,freeway,1439931,1479931,29.0
572,2,freeway,1439932,1479932,32.0
573,2,freeway,1439933,1479933,31.0
574,2,freeway,1439934,1479934,33.0
575,2,freeway,1439935,1479935,37.0
576,2,freeway,1439936,1479936,32.0
577,3,freeway,1499904,1539889,34.0
578,3,freeway,1499904,1539890,37.0
579,3,freeway,1499904,1539891,37.0
580,3,freeway,1499904,1539892,33.0
581,3,freeway,1499904,1539893,34.0
582,3,freeway,1499904,1539894,37.0
583,3,freeway,1499904,1539895,32.0
584,3,freeway,1499904,1539896,30.0
585,3,freeway,1499904,1539897,32.0
586,3,freeway,1499904,1539898,41.0
587,3,freeway,1499904,1539899,32.0
588,3,freeway,1499904,1539900,38.0
589,3,freeway,1499904,1539901,30.0
590,3,freeway,1499904,1539902,28.0
591,3,freeway,1499904,1539903,35.0
592,3,freeway,1499904,1539904,25.0
593,3,freeway,1539889,1579889,29.0
594,3,freeway,1539890,1579890,42.0
595,3,freeway,1539891,1579891,34.0
596,3,freeway,1539892,1579892,33.0
597,3,freeway,1539893,1579893,30.0
598,3,freeway,1539894,1579894,41.0
599,3,freeway,1539895,1579895,33.0
600,3,freeway,1539896,1579896,38.0
601,3,freeway,1539897,1579897,38.0
602,3,freeway,1539898,1579898,39.0
603,3,freeway,1539899,1579899,25.0
604,3,freeway,1539900,1579900,33.0
605,3,freeway,1539901,1579901,35.0
606,3,freeway,1539902,1579902,33.0
607,3,freeway,1539903,1579903,33.0
608,3,freeway,1539904,1579904,34.0
609,3,freeway,1579889,1619889,36.0
610,3,freeway,1579890,1619890,42.0
611,3,freeway,1579891,1619891,35.0
612,3,freeway,1579892,1619892,37.0
613,3,freeway,1579893,1619893,35.0
614,3,freeway,1579894,1619894,29.0
615,3,freeway,1579895,1619895,28.0
616,3,freeway,1579896,1619896,33.0
617,3,freeway,1579897,1619897,37.0
618,3,freeway,1579898,1619898,36.0
619,3,freeway,1579899,1619899,40.0
620,3,freeway,1579900,1619900,28.0
621,3,freeway,1579901,1619901,29.0
622,3,freeway,1579902,1619902,28.0
623,3,freeway,1579903,1619903,36.0
624,3,freeway,1579904,1619904,32.0
625,3,freeway,1619889,1659889,36.0
626,3,freeway,1619890,1659890,37.0
627,3,freeway,1619891,1659891,40.0
628,3,freeway,1619892,1659892,32.0
629,3,freeway,1619893,1659893,31.0
630,3,freeway,1619894,1659894,35.0
631,3,freeway,1619895,1659895,26.0
632,3,freeway,1619896,1659896,40.0
633,3,freeway,1619897,1659897,33.0
634,3,freeway,1619898,1659898,36.0
635,3,freeway,1619899,1659899,43.0
636,3,freeway,1619900,1659900,31.0
637,3,freeway,1619901,1659901,39.0
638,3,freeway,1619902,1659902,38.0
639,3,freeway,1619903,1659903,37.0
640,3,freeway,1619904,1659904,36.0
641,3,freeway,1659889,1699889,43.0
642,3,freeway,1659890,1699890,35.0
643,3,freeway,1659891,1699891,29.0
644,3,freeway,1659892,1699892,30.0
645,3,freeway,1659893,1699893,39.0
646,3,freeway,1659894,1699894,42.0
647,3,freeway,1659895,1699895,31.0
648,3,freeway,1659896,1699896,24.0
649,3,freeway,1659897,1699897,35.0
650,3,freeway,1659898,1699898,29.0
651,3,freeway,1659899,1699899,34.0
652,3,freeway,1659900,1699900,30.0
653,3,freeway,1659901,1699901,40.0
654,3,freeway,1659902,1699902,30.0
655,3,freeway,1659903,1699903,36.0
656,3,freeway,1659904,1699904,41.0
657,3,freeway,1699889,1739889,33.0
658,3,freeway,1699890,1739890,37.0
659,3,freeway,1699891,1739891,43.0
660,3,freeway,1699892,1739892,37.0
661,3,freeway,1699893,1739893,41.0
662,3,freeway,1699894,1739894,40.0
663,3,freeway,1699895,1739895,29.0
664,3,freeway,1699896,1739896,43.0
665,3,freeway,1699897,1739897,29.0
666,3,freeway,1699898,1739898,24.0
667,3,freeway,1699899,1739899,43.0
668,3,freeway,1699900,1739900,37.0
669,3,freeway,1699901,1739901,43.0
670,3,freeway,1699902,1739902,33.0
671,3,freeway,1699903,1739903,34.0
672,3,freeway,1699904,1739904,37.0
673,3,freeway,1739889,1779889,33.0
674,3,freeway,1739890,1779890,32.0
675,3,freeway,1739891,1779891,31.0
676,3,freeway,1739892,1779892,42.0
677,3,freeway,1739893,1779893,36.0
678,3,freeway,1739894,1779894,36.0
679,3,freeway,1739895,1779895,32.0
680,3,freeway,1739896,1779896,42.0
681,3,freeway,1739897,1779897,34.0
682,3,freeway,1739898,1779898,39.0
683,3,freeway,1739899,1779899,39.0
684,3,freeway,1739900,1779900,32.0
685,3,freeway,1739901,1779901,35.0
686,3,freeway,1739902,1779902,39.0
687,3,freeway,1739903,1779903,38.0
688,3,freeway,1739904,1779904,40.0
689,3,freeway,1779889,1819889,34.0
690,3,freeway,1779890,1819890,42.0
691,3,freeway,1779891,1819891,31.0
692,3,freeway,1779892,1819892,36.0
693,3,freeway,1779893,1819893,35.0
694,3,freeway,1779894,1819894,32.0
695,3,freeway,1779895,1819895,41.0
696,3,freeway,1779896,1819896,40.0
697,3,freeway,1779897,1819897,33.0
698,3,freeway,1779898,1819898,37.0
699,3,freeway,1779899,1819899,36.0
700,3,freeway,1779900,1819900,33.0
701,3,freeway,1779901,1819901,26.0
702,3,freeway,1779902,1819902,30.0
703,3,freeway,1779903,1819903,40.0
704,3,freeway,1779904,1819904,35.0
705,3,freeway,1819889,1859889,34.0
706,3,freeway,1819890,1859890,35.0
707,3,freeway,1819891,1859891,37.0
708,3,freeway,1819892,1859892,36.0
709,3,freeway,1819893,1859893,38.0
710,3,freeway,1819894,1859894,41.0
711,3,freeway,1819895,1859895,41.0
712,3,freeway,1819896,1859896,38.0
713,3,freeway,1819897,1859897,42.0
714,3,freeway,1819898,1859898,35.0
715,3,freeway,1819899,1859899,30.0
716,3,freeway,1819900,1859900,40.0
717,3,freeway,1819901,1859901,29.0
718,3,freeway,1819902,1859902,36.0
719,3,freeway,1819903,1859903,41.0
720,3,freeway,1819904,1859904,36.0
721,3,freeway,1859889,1899889,28.0
722,3,freeway,1859890,1899890,35.0
723,3,freeway,1859891,1899891,31.0
724,3,freeway,1859892,1899892,32.0
725,3,freeway,1859893,1899893,31.0
726,3,freeway,1859894,1899894,39.0
727,3,freeway,1859895,1899895,36.0
728,3,freeway,1859896,1899896,36.0
729,3,freeway,1859897,1899897,35.0
730,3,freeway,1859898,1899898,35.0
731,3,freeway,1859899,1899899,39.0
732,3,freeway,1859900,1899900,37.0
733,3,freeway,1859901,1899901,37.0
734,3,freeway,1859902,1899902,41.0
735,3,freeway,1859903,1899903,31.0
736,3,freeway,1859904,1899904,35.0
737,3,freeway,1899889,1939889,32.0
738,3,freeway,1899890,1939890,34.0
739,3,freeway,1899891,1939891,37.0
740,3,freeway,1899892,1939892,30.0
741,3,freeway,1899893,1939893,32.0
742,3,freeway,1899894,1939894,24.0
743,3,freeway,1899895,1939895,39.0
744,3,freeway,1899896,1939896,32.0
745,3,freeway,1899897,1939897,42.0
746,3,freeway,1899898,1939898,49.0
747,3,freeway,1899899,1939899,45.0
748,3,freeway,1899900,1939900,33.0
749,3,freeway,1899901,1939901,34.0
750,3,freeway,1899902,1939902,37.0
751,3,freeway,1899903,1939903,42.0
752,3,freeway,1899904,1939904,34.0
753,3,freeway,1939889,1979889,39.0
754,3,freeway,1939890,1979890,33.0
755,3,freeway,1939891,1979891,31.0
756,3,freeway,1939892,1979892,34.0
757,3,freeway,1939893,1979893,13.0
758,3,freeway,1939894,1979894,25.0
759,3,freeway,1939895,1979895,43.0
760,3,freeway,1939896,1979896,35.0
761,3,freeway,1939897,1979897,28.0
762,3,freeway,1939898,1979898,36.0
763,3,freeway,1939899,1979899,30.0
764,3,freeway,1939900,1979900,37.0
765,3,freeway,1939901,1979901,38.0
766,3,freeway,1939902,1979902,36.0
767,3,freeway,1939903,1979903,29.0
768,3,freeway,1939904,1979904,44.0
769,4,freeway,1999872,2039857,45.0
770,4,freeway,1999872,2039858,40.0
771,4,freeway,1999872,2039859,36.0
772,4,freeway,1999872,2039860,46.0
773,4,freeway,1999872,2039861,31.0
774,4,freeway,1999872,2039862,35.0
775,4,freeway,1999872,2039863,41.0
776,4,freeway,1999872,2039864,44.0
777,4,freeway,1999872,2039865,30.0
778,4,freeway,1999872,2039866,40.0
779,4,freeway,1999872,2039867,35.0
780,4,freeway,1999872,2039868,38.0
781,4,freeway,1999872,2039869,40.0
782,4,freeway,1999872,2039870,26.0
783,4,freeway,1999872,2039871,43.0
784,4,freeway,1999872,2039872,26.0
785,4,freeway,2039857,2079857,31.0
786,4,freeway,2039858,2079858,43.0
787,4,freeway,2039859,2079859,37.0
788,4,freeway,2039860,2079860,30.0
789,4,freeway,2039861,2079861,43.0
790,4,freeway,2039862,2079862,40.0
791,4,freeway,2039863,2079863,32.0
792,4,freeway,2039864,2079864,40.0
793,4,freeway,2039865,2079865,31.0
794,4,freeway,2039866,2079866,39.0
795,4,freeway,2039867,2079867,37.0
796,4,freeway,2039868,2079868,39.0
797,4,freeway,2039869,2079869,37.0
798,4,freeway,2039870,2079870,44.0
799,4,freeway,2039871,2079871,41.0
800,4,freeway,2039872,2079872,43.0
801,4,freeway,2079857,2119857,37.0
802,4,freeway,2079858,2119858,34.0
803,4,freeway,2079859,2119859,38.0
804,4,freeway,2079860,2119860,33.0
805,4,freeway,2079861,2119861,38.0
806,4,freeway,2079862,2119862,41.0
807,4,freeway,2079863,2119863,37.0
808,4,freeway,2079864,2119864,42.0
809,4,freeway,2079865,2119865,32.0
810,4,freeway,2079866,2119866,36.0
811,4,freeway,2079867,2119867,36.0
812,4,freeway,2079868,2119868,37.0
813,4,freeway,2079869,2119869,40.0
814,4,freeway,2079870,2119870,37.0
815,4,freeway,2079871,2119871,37.0
816,4,freeway,2079872,2119872,30.0
817,4,freeway,2119857,2159857,43.0
818,4,freeway,2119858,2159858,36.0
819,4,freeway,2119859,2159859,34.0
820,4,freeway,2119860,2159860,30.0
821,4,freeway,2119861,2159861,34.0
822,4,freeway,2119862,2159862,30.0
823,4,freeway,2119863,2159863,39.0
824,4,freeway,2119864,2159864,35.0
825,4,freeway,2119865,2159865,41.0
826,4,freeway,2119866,2159866,38.0
827,4,freeway,2119867,2159867,42.0
828,4,freeway,2119868,2159868,42.0
829,4,freeway,2119869,2159869,24.0
830,4,freeway,2119870,2159870,37.0
831,4,freeway,2119871,2159871,38.0
832,4,freeway,2119872,2159872,34.0
833,4,freeway,2159857,2199857,34.0
834,4,freeway,2159858,2199858,43.0
835,4,freeway,2159859,2199859,36.0
836,4,freeway,2159860,2199860,38.0
837,4,freeway,2159861,2199861,34.0
838,4,freeway,2159862,2199862,40.0
839,4,freeway,2159863,2199863,38.0
840,4,freeway,2159864,2199864,41.0
841,4,freeway,2159865,2199865,36.0
842,4,freeway,2159866,2199866,41.0
843,4,freeway,2159867,2199867,43.0
844,4,freeway,2159868,2199868,43.0
845,4,freeway,2159869,2199869,31.0
846,4,freeway,2159870,2199870,43.0
847,4,freeway,2159871,2199871,38.0
848,4,freeway,2159872,2199872,42.0
849,4,freeway,2199857,2239857,34.0
850,4,freeway,2199858,2239858,35.0
851,4,freeway,2199859,2239859,40.0
852,4,freeway,2199860,2239860,34.0
853,4,freeway,2199861,2239861,38.0
854,4,freeway,2199862,2239862,40.0
855,4,freeway,2199863,2239863,49.0
856,4,freeway,2199864,2239864,38.0
857,4,freeway,2199865,2239865,37.0
858,4,freeway,2199866,2239866,41.0
859,4,freeway,2199867,2239867,37.0
860,4,freeway,2199868,2239868,42.0
861,4,freeway,2199869,2239869,37.0
862,4,freeway,2199870,2239870,39.0
863,4,freeway,2199871,2239871,37.0
864,4,freeway,2199872,2239872,38.0
865,4,freeway,2239857,2279857,33.0
866,4,freeway,2239858,2279858,36.0
867,4,freeway,2239859,2279859,37.0
868,4,freeway,2239860,2279860,43.0
869,4,freeway,2239861,2279861,33.0
870,4,freeway,2239862,2279862,41.0
871,4,freeway,2239863,2279863,48.0
872,4,freeway,2239864,2279864,35.0
873,4,freeway,2239865,2279865,42.0
874,4,freeway,2239866,2279866,30.0
875,4,freeway,2239867,2279867,45.0
876,4,freeway,2239868,2279868,43.0
877,4,freeway,2239869,2279869,35.0
878,4,freeway,2239870,2279870,36.0
879,4,freeway,2239871,2279871,40.0
880,4,freeway,2239872,2279872,30.0
881,4,freeway,2279857,2319857,46.0
882,4,freeway,2279858,2319858,42.0
883,4,freeway,2279859,2319859,47.0
884,4,freeway,2279860,2319860,40.0
885,4,freeway,2279861,2319861,42.0
886,4,freeway,2279862,2319862,42.0
887,4,freeway,2279863,2319863,42.0
888,4,freeway,2279864,2319864,42.0
889,4,freeway,2279865,2319865,44.0
890,4,freeway,2279866,2319866,38.0
891,4,freeway,2279867,2319867,38.0
892,4,freeway,2279868,2319868,40.0
893,4,freeway,2279869,2319869,44.0
894,4,freeway,2279870,2319870,44.0
895,4,freeway,2279871,2319871,43.0
896,4,freeway,2279872,2319872,38.0
897,4,freeway,2319857,2359857,43.0
898,4,freeway,2319858,2359858,40.0
899,4,freeway,2319859,2359859,41.0
900,4,freeway,2319860,2359860,46.0
901,4,freeway,2319861,2359861,41.0
902,4,freeway,2319862,2359862,33.0
903,4,freeway,2319863,2359863,41.0
904,4,freeway,2319864,2359864,48.0
905,4,freeway,2319865,2359865,41.0
906,4,freeway,2319866,2359866,36.0
907,4,freeway,2319867,2359867,38.0
908,4,freeway,2319868,2359868,37.0
909,4,freeway,2319869,2359869,35.0
910,4,freeway,2319870,2359870,43.0
911,4,freeway,2319871,2359871,44.0
912,4,freeway,2319872,2359872,37.0
913,4,freeway,2359857,2399857,44.0
914,4,freeway,2359858,2399858,43.0
915,4,freeway,2359859,2399859,38.0
916,4,freeway,2359860,2399860,39.0
917,4,freeway,2359861,2399861,39.0
918,4,freeway,2359862,2399862,33.0
919,4,freeway,2359863,2399863,43.0
920,4,freeway,2359864,2399864,44.0
921,4,freeway,2359865,2399865,51.0
922,4,freeway,2359866,2399866,42.0
923,4,freeway,2359867,2399867,45.0
924,4,freeway,2359868,2399868,38.0
925,4,freeway,2359869,2399869,41.0
926,4,freeway,2359870,2399870,36.0
927,4,freeway,2359871,2399871,39.0
928,4,freeway,2359872,2399872,46.0
929,4,freeway,2399857,2439857,29.0
930,4,freeway,2399858,2439858,44.0
931,4,freeway,2399859,2439859,36.0
932,4,freeway,2399860,2439860,37.0
933,4,freeway,2399861,2439861,48.0
934,4,freeway,2399862,2439862,39.0
935,4,freeway,2399863,2439863,43.0
936,4,freeway,2399864,2439864,43.0
937,4,freeway,2399865,2439865,44.0
938,4,freeway,2399866,2439866,47.0
939,4,freeway,2399867,2439867,44.0
940,4,freeway,2399868,2439868,45.0
941,4,freeway,2399869,2439869,43.0
942,4,freeway,2399870,2439870,42.0
943,4,freeway,2399871,2439871,38.0
944,4,freeway,2399872,2439872,47.0
945,4,freeway,2439857,2479857,39.0
946,4,freeway,2439858,2479858,40.0
947,4,freeway,2439859,2479859,35.0
948,4,freeway,2439860,2479860,36.0
949,4,freeway,2439861,2479861,31.0
950,4,freeway,2439862,2479862,44.0
951,4,freeway,2439863,2479863,46.0
952,4,freeway,2439864,2479864,43.0
953,4,freeway,2439865,2479865,38.0
954,4,freeway,2439866,2479866,44.0
955,4,freeway,2439867,2479867,32.0
956,4,freeway,2439868,2479868,36.0
957,4,freeway,2439869,2479869,32.0
958,4,freeway,2439870,2479870,36.0
959,4,freeway,2439871,2479871,44.0
960,4,freeway,2439872,2479872,41.0
