actor_cbp_replacements,actor_mean_utility_0,actor_mean_utility_1,block,critic_cbp_replacements,critic_mean_utility_0,critic_mean_utility_1,entropy,gpu_peak_bytes,gradient_norm,loss,max_abs_value,mean_rho,memory_transitions,policy_cloning,policy_loss,replay_fraction,steps,updates,value_cloning,value_loss
46,1.8471710681915283,0.1388215720653534,0,46,0.7311292886734009,0.010856358334422112,1.1345304250717163,35679744,4.873064994812012,-0.05869172886013985,4.375095844268799,0.9999998807907104,0,0.0,-0.39141571521759033,0.0,499968,1953,0.0,0.6767932772636414
136,1.3882973194122314,0.1373429000377655,1,136,1.3155075311660767,0.020623017102479935,0.3741036057472229,35679744,3.5181896686553955,0.5890123844146729,10.505616188049316,1.0,0,0.0,-0.198024719953537,0.0,999936,3906,0.0,1.577815294265747
228,0.8623483180999756,0.041415825486183167,2,228,0.4271661043167114,0.005949283018708229,1.1463325023651123,35679744,0.12194892019033432,0.040558408945798874,1.893631100654602,1.0,0,0.0,0.025756100192666054,0.0,1499904,5859,0.0,0.0410679429769516
318,1.2301459312438965,0.16568422317504883,3,318,0.5301719307899475,0.010602942667901516,1.2722594738006592,35679744,0.46638748049736023,0.019970957189798355,4.416365146636963,0.9999999403953552,0,0.0,-0.008714539930224419,0.0,1999872,7812,0.0,0.07009358704090118
410,1.8082242012023926,0.263976126909256,4,410,1.4642635583877563,0.03120093047618866,0.20135071873664856,35679744,4.919538497924805,2.739936113357544,12.804753303527832,1.0,0,0.0,0.02545912191271782,0.0,2499840,9765,0.0,5.430967807769775
500,0.9254485368728638,0.04944213479757309,5,500,0.5441558361053467,0.009730171412229538,1.0791540145874023,35679744,0.15565313398838043,-0.01249830611050129,2.0202057361602783,1.0,0,0.0,-0.031089140102267265,0.0,2999808,11718,0.0,0.047973208129405975
590,0.9136500358581543,0.13564413785934448,6,590,0.4253661334514618,0.010615207254886627,1.0198489427566528,35679744,0.5016843676567078,0.032821446657180786,4.100823402404785,1.0,0,0.0,0.014994338154792786,0.0,3499776,13671,0.0,0.04585270956158638
682,1.7267918586730957,0.282335102558136,7,682,1.5850633382797241,0.036056358367204666,0.1859402060508728,49651200,4.508511066436768,0.9233965873718262,12.994938850402832,1.0,0,0.0,0.062859445810318,0.0,3999744,15624,0.0,1.7229336500167847
772,0.9499335885047913,0.04723205417394638,8,772,0.5874489545822144,0.012370115146040916,0.984520435333252,49651200,0.2268354296684265,0.04890453442931175,1.8339084386825562,1.0,0,0.0,0.026550674811005592,0.0,4499712,17577,0.0,0.05455292761325836
864,0.9169461131095886,0.15806224942207336,9,864,0.42811375856399536,0.011125054210424423,1.314104676246643,49651200,1.452976942062378,0.0411493144929409,4.631136894226074,0.9999998807907104,0,0.0,-0.17445531487464905,0.0,4999680,19530,0.0,0.44435030221939087
954,1.6498409509658813,0.28176987171173096,10,954,1.6203949451446533,0.03798997402191162,0.18843288719654083,49651200,2.606494665145874,0.9918885231018066,14.29054069519043,1.0,0,0.0,0.013509102165699005,0.0,5499648,21483,0.0,1.9586431980133057
1046,1.051754355430603,0.05488412454724312,11,1046,0.5362755656242371,0.013601880520582199,1.0251878499984741,49651200,0.30409136414527893,0.06265558302402496,1.7302658557891846,1.0,0,0.0,0.05273081734776497,0.0,5999616,23436,0.0,0.030101409181952477
1136,0.9687315225601196,0.19648849964141846,12,1136,0.37922850251197815,0.011611185036599636,1.2943936586380005,49651200,0.31635355949401855,0.03735171630978584,4.285882949829102,0.9999998807907104,0,0.0,0.04041663557291031,0.0,6499584,25389,0.0,0.006814097054302692
1228,1.7047336101531982,0.3129357695579529,13,1228,1.5968735218048096,0.04200505465269089,0.28668102622032166,49651200,12.209152221679688,3.5655035972595215,13.701980590820312,1.0,0,0.0,-0.21752332150936127,0.0,6999552,27342,0.0,7.568920612335205
1318,1.1451919078826904,0.05412787199020386,14,1318,0.49093037843704224,0.014911944046616554,0.7490177750587463,49651200,0.5289998054504395,0.10318314284086227,1.7925339937210083,1.0,0,0.0,0.07572072744369507,0.0,7499520,29295,0.0,0.06241500377655029
