arm,block,task,since_block,drop,return
finetune,1,breakout,0,3.9999999999999996,0.6
finetune,2,breakout,0,3.6999999999999997,0.9
finetune,2,space_invaders,1,12.5,2.7
finetune,3,space_invaders,1,11.1,4.1
finetune,3,freeway,2,6.600000000000001,19.2
finetune,4,breakout,3,1.8999999999999995,2.7
finetune,4,freeway,2,23.2,2.6
finetune,5,breakout,3,0.5999999999999996,4.0
finetune,5,space_invaders,4,-2.5,23.1
finetune,6,space_invaders,4,7.300000000000001,13.3
finetune,6,freeway,5,5.0,24.0
finetune,7,breakout,6,0.0,4.9
finetune,7,freeway,5,16.9,12.1
finetune,8,breakout,6,0.8000000000000007,4.1
finetune,8,space_invaders,7,2.1999999999999993,28.7
finetune,9,space_invaders,7,6.799999999999997,24.1
finetune,9,freeway,8,1.1999999999999993,26.3
finetune,10,breakout,9,-0.3000000000000007,5.4
finetune,10,freeway,8,5.899999999999999,21.6
finetune,11,breakout,9,0.0,5.1
finetune,11,space_invaders,10,0.0,3.0
finetune,12,space_invaders,10,-1.4000000000000004,4.4
finetune,12,freeway,11,1.5,25.5
finetune,13,breakout,12,1.2999999999999998,4.2
finetune,13,freeway,11,1.3000000000000007,25.7
finetune,14,breakout,12,0.5,5.0
finetune,14,space_invaders,13,0.6000000000000014,28.2
cbp,1,breakout,0,1.7999999999999998,3.2
cbp,2,breakout,0,4.0,1.0
cbp,2,space_invaders,1,17.5,0.1
cbp,3,space_invaders,1,17.400000000000002,0.2
cbp,3,freeway,2,4.099999999999998,17.3
cbp,4,breakout,3,3.7,1.0
cbp,4,freeway,2,21.299999999999997,0.1
cbp,5,breakout,3,1.3000000000000003,3.4
cbp,5,space_invaders,4,17.999999999999996,16.8
cbp,6,space_invaders,4,28.999999999999996,5.8
cbp,6,freeway,5,0.9000000000000021,23.4
cbp,7,breakout,6,2.7,1.5
cbp,7,freeway,5,13.3,11.0
cbp,8,breakout,6,-0.5999999999999996,4.8
cbp,8,space_invaders,7,32.900000000000006,12.8
cbp,9,space_invaders,7,30.6,15.1
cbp,9,freeway,8,-0.8000000000000007,27.3
cbp,10,breakout,9,-0.39999999999999947,5.1
cbp,10,freeway,8,24.5,2.0
cbp,11,breakout,9,-0.2999999999999998,5.0
cbp,11,space_invaders,10,13.299999999999997,40.2
cbp,12,space_invaders,10,24.6,28.9
cbp,12,freeway,11,-2.0,28.9
cbp,13,breakout,12,0.20000000000000018,5.0
cbp,13,freeway,11,6.599999999999998,20.3
cbp,14,breakout,12,-0.5,5.7
cbp,14,space_invaders,13,12.199999999999996,35.6
replay,1,breakout,0,0.6000000000000005,4.8
replay,2,breakout,0,2.7,2.7
replay,2,space_invaders,1,-0.5999999999999979,17.2
replay,3,space_invaders,1,2.8000000000000007,13.8
replay,3,freeway,2,0.0,0.0
replay,4,breakout,3,1.5,4.3
replay,4,freeway,2,-0.1,0.1
replay,5,breakout,3,2.8,3.0
replay,5,space_invaders,4,20.9,28.0
replay,6,space_invaders,4,30.2,18.7
replay,6,freeway,5,0.0,0.1
replay,7,breakout,6,-0.6999999999999993,5.6
replay,7,freeway,5,-0.1,0.2
replay,8,breakout,6,-0.5999999999999996,5.5
replay,8,space_invaders,7,20.0,37.8
replay,9,space_invaders,7,41.0,16.8
replay,9,freeway,8,8.5,0.6
replay,10,breakout,9,0.0,5.6
replay,10,freeway,8,9.0,0.1
replay,11,breakout,9,0.5,5.1
replay,11,space_invaders,10,0.3999999999999986,37.5
replay,12,space_invaders,10,28.5,9.4
replay,12,freeway,11,-0.6000000000000014,24.0
replay,13,breakout,12,1.0999999999999996,4.4
replay,13,freeway,11,6.799999999999997,16.6
replay,14,breakout,12,-0.20000000000000018,5.7
replay,14,space_invaders,13,28.200000000000003,47.0
clear,1,breakout,0,0.09999999999999964,5.0
clear,2,breakout,0,0.39999999999999947,4.7
clear,2,space_invaders,1,1.9000000000000004,10.1
clear,3,space_invaders,1,1.1999999999999993,10.8
clear,3,freeway,2,0.19999999999999998,0.1
clear,4,breakout,3,0.5999999999999996,4.4
clear,4,freeway,2,0.3,0.0
clear,5,breakout,3,0.09999999999999964,4.9
clear,5,space_invaders,4,-2.200000000000001,14.9
clear,6,space_invaders,4,0.29999999999999893,12.4
clear,6,freeway,5,0.1,0.1
clear,7,breakout,6,-1.2000000000000002,5.7
clear,7,freeway,5,0.2,0.0
clear,8,breakout,6,-0.5999999999999996,5.1
clear,8,space_invaders,7,10.1,14.6
clear,9,space_invaders,7,-1.1999999999999993,25.9
clear,9,freeway,8,15.2,7.3
clear,10,breakout,9,0.6000000000000005,5.1
clear,10,freeway,8,17.8,4.7
clear,11,breakout,9,0.20000000000000018,5.5
clear,11,space_invaders,10,13.299999999999997,19.1
clear,12,space_invaders,10,-4.800000000000004,37.2
clear,12,freeway,11,5.300000000000001,19.8
clear,13,breakout,12,-0.09999999999999964,5.6
clear,13,freeway,11,7.5,17.6
clear,14,breakout,12,-0.20000000000000018,5.7
clear,14,space_invaders,13,-4.5,25.8
clear_cbp,1,breakout,0,-0.40000000000000036,5.4
clear_cbp,2,breakout,0,1.4,3.6
clear_cbp,2,space_invaders,1,0.8000000000000007,11.0
clear_cbp,3,space_invaders,1,4.6000000000000005,7.2
clear_cbp,3,freeway,2,0.4,0.1
clear_cbp,4,breakout,3,0.5999999999999996,4.5
clear_cbp,4,freeway,2,0.5,0.0
clear_cbp,5,breakout,3,1.4999999999999996,3.6
clear_cbp,5,space_invaders,4,1.700000000000001,13.7
clear_cbp,6,space_invaders,4,5.5,9.9
clear_cbp,6,freeway,5,8.5,15.8
clear_cbp,7,breakout,6,-0.10000000000000053,5.7
clear_cbp,7,freeway,5,12.600000000000001,11.7
clear_cbp,8,breakout,6,0.5999999999999996,5.0
clear_cbp,8,space_invaders,7,-2.1000000000000014,21.3
clear_cbp,9,space_invaders,7,-1.6000000000000014,20.8
clear_cbp,9,freeway,8,0.3999999999999986,20.6
clear_cbp,10,breakout,9,0.10000000000000053,5.6
clear_cbp,10,freeway,8,2.1999999999999993,18.8
clear_cbp,11,breakout,9,0.2999999999999998,5.4
clear_cbp,11,space_invaders,10,5.300000000000004,33.3
clear_cbp,12,space_invaders,10,29.3,9.3
clear_cbp,12,freeway,11,3.400000000000002,18.9
clear_cbp,13,breakout,12,0.5,5.0
clear_cbp,13,freeway,11,4.0,18.3
clear_cbp,14,breakout,12,0.09999999999999964,5.4
clear_cbp,14,space_invaders,13,22.400000000000002,28.2
pilot_finetune,1,breakout,0,3.9999999999999996,0.6
pilot_finetune,2,breakout,0,3.6999999999999997,0.9
pilot_finetune,2,space_invaders,1,12.5,2.7
pilot_finetune,3,space_invaders,1,11.1,4.1
pilot_finetune,3,freeway,2,6.600000000000001,19.2
pilot_finetune,4,breakout,3,1.8999999999999995,2.7
pilot_finetune,4,freeway,2,23.2,2.6
pilot_finetune,5,breakout,3,0.5999999999999996,4.0
pilot_finetune,5,space_invaders,4,-2.5,23.1
