arm,task,final_return,forgetting_since_last_learning,average_normalized_performance,compared_blocks,compared_env_steps,updates,status
finetune,breakout,5.0,0.5,0.7631320233297302,15,7499520,29295,complete
finetune,space_invaders,28.2,0.6000000000000014,0.7631320233297302,15,7499520,29295,complete
finetune,freeway,27.2,0.0,0.7631320233297302,15,7499520,29295,complete
cbp,breakout,5.7,-0.5,0.8928126344971181,15,7499520,29295,complete
cbp,space_invaders,35.6,12.199999999999996,0.8928126344971181,15,7499520,29295,complete
cbp,freeway,28.7,0.0,0.8928126344971181,15,7499520,29295,complete
replay,breakout,5.7,-0.20000000000000018,0.956052839540385,15,7499520,29295,complete
replay,space_invaders,47.0,28.200000000000003,0.956052839540385,15,7499520,29295,complete
replay,freeway,23.8,0.0,0.956052839540385,15,7499520,29295,complete
clear,breakout,5.7,-0.20000000000000018,0.7693419283093968,15,7499520,29295,complete
clear,space_invaders,25.8,-4.5,0.7693419283093968,15,7499520,29295,complete
clear,freeway,23.5,0.0,0.7693419283093968,15,7499520,29295,complete
clear_cbp,breakout,5.4,0.09999999999999964,0.7662396284248366,15,7499520,29295,complete
clear_cbp,space_invaders,28.2,22.400000000000002,0.7662396284248366,15,7499520,29295,complete
clear_cbp,freeway,23.4,0.0,0.7662396284248366,15,7499520,29295,complete
